1	RELEASE_FILE_HASHES	FILES=EXACT_RELEASE_BYTES
2	FILE_MODE_OWNERSHIP	MODES=0644,0755,0755;OWNERSHIP=PRESERVED
3	ENV_PRESERVATION	ENV=BYTE_PRESERVED;KEYS=1/1/1;VALUES=OFF/EMPTY/EMPTY
4	MAINTENANCE_GUARD_SYNTAX	BASH_N=PASS
5	ADMISSION_GUARD_SYNTAX	BASH_N=PASS
6	STAGING_PATH_IDENTITY	PWD=/opt/hookah-bot
7	COMPOSE_CONFIG_PARSE	COMPOSE_CONFIG=PASS
8	MAINTENANCE_GUARD_EXECUTION	MAINTENANCE_GUARD=OFF_PASS
9	ADMISSION_GUARD_PUBLIC_PILOT	ADMISSION_GUARD=PUBLIC_PILOT_PASS
10	DOCKER_INVENTORY_EQUALITY	DOCKER_INVENTORY=UNCHANGED
11	BACKEND_COUNT	BACKEND=1
12	POSTGRESQL_COUNT	POSTGRESQL=1
13	BACKEND_RUNTIME_IDENTITY	BACKEND=V125_EXACT;RESTARTS=0
14	POSTGRESQL_RUNTIME_IDENTITY	POSTGRESQL=EXACT;RESTARTS=0;HEALTHY
15	EFFECTIVE_RUNTIME_CONFIGURATION	PRODUCT;OFF;PRODUCT_LISTS=0/0;MAINTENANCE_LISTS=0/0;V126_SMOKE=INACTIVE;POLLER=1
16	POSTGRESQL_READY	PG_ISREADY=PASS
17	LOOPBACK_HEALTH	LOOPBACK_HEALTH=OK
18	PUBLIC_HEALTH	PUBLIC_HEALTH=OK
19	LOOPBACK_DB_HEALTH	LOOPBACK_DB_HEALTH=OK
20	PUBLIC_DB_HEALTH	PUBLIC_DB_HEALTH=OK
21	LOOPBACK_MINIAPP	LOOPBACK_MINIAPP=REACHABLE
22	PUBLIC_MINIAPP	PUBLIC_MINIAPP=REACHABLE
23	VERSION_IDENTITY	VERSION=V125_SOURCE_EXACT
24	ACTIONABLE_QUEUE_STATE	QUEUES=0:0:0:0:9
25	TELEGRAM_WEBHOOK_IDLE	WEBHOOK=EMPTY;PENDING=0
26	POLLER_CONFLICT_ABSENT	HTTP_409_CONFLICT=ABSENT
27	CADDY_VERSION	CADDY_VERSION=2.6.2
28	CADDY_SERVICE_STATE	CADDY_SERVICE=ACTIVE
29	CADDYFILE_IDENTITY	CADDYFILE=EXACT_SHA256
30	CADDY_VALIDATE	CADDY_VALIDATE=PASS
31	DRAIN_MARKER_ABSENT	DRAIN_MARKER=ABSENT
32	PUBLIC_RESPONSE_HEADERS	PUBLIC_HEADERS=CAPTURED
33	TLS_PROTOCOL_POLICY	TLS12=AVAILABLE;TLS13=UNAVAILABLE
34	ALT_SVC_ABSENT	ALT_SVC=ABSENT
35	UDP_443_ABSENT	UDP_443=ABSENT
36	POSTGRESQL_SOURCE_SIZE	POSTGRESQL_SIZE=POSITIVE_BYTES
37	FREE_SPACE_READINESS	FREE_SPACE=AT_LEAST_MAX_4X_DB_OR_2G
38	CONTAINER_CONTINUITY	CONTAINERS=UNCHANGED
39	POST_SYNC_ENV_HASH	ENV=EXACT_DERIVATION
40	FLYWAY_V125_IDENTITY	FLYWAY=125:1:0:0
